Student ID,Term,Class,avg_ca_pct,avg_total_pct,avg_attendance,subject_failure_count,pass_probability,predicted_outcome,risk_tier
STU_001,2022_T1,SS2,54.166666666666664,49.666666666666664,99.11666666666667,0,0.8068287775765243,Pass,Low
STU_001,2022_T2,SS2,71.25,68.0,96.71666666666668,0,0.9752614379084967,Pass,Low
STU_001,2022_T3,SS2,75.41666666666667,70.66666666666667,94.63333333333334,0,1.0,Pass,Low
STU_002,2022_T1,SS3,75.41666666666667,71.66666666666667,86.01666666666667,0,1.0,Pass,Low
STU_002,2022_T2,SS3,69.58333333333333,70.0,95.35000000000001,0,0.9966666666666667,Pass,Low
STU_002,2022_T3,SS3,78.33333333333333,80.33333333333333,81.89999999999999,0,1.0,Pass,Low
STU_003,2022_T1,SS2,57.083333333333336,49.666666666666664,86.76666666666667,0,0.8470699072169661,Pass,Low
STU_003,2022_T2,SS2,45.833333333333336,48.833333333333336,79.35000000000001,0,0.8002231718898385,Pass,Low
STU_003,2022_T3,SS2,60.0,60.166666666666664,79.2,0,0.9846978649977252,Pass,Low
STU_004,2022_T1,SS1,41.25,39.0,84.91666666666666,0,0.6266666666666667,Pass,Medium
STU_004,2022_T2,SS1,37.916666666666664,39.166666666666664,84.9,0,0.6233333333333333,Pass,Medium
STU_004,2022_T3,SS1,47.5,47.333333333333336,78.91666666666667,0,0.7593589743589744,Pass,Low
STU_005,2022_T1,SS3,62.916666666666664,56.333333333333336,98.76666666666667,0,0.847691211652125,Pass,Low
STU_005,2022_T2,SS3,68.75,67.33333333333333,94.65000000000002,0,0.9933333333333333,Pass,Low
STU_005,2022_T3,SS3,77.08333333333333,78.0,95.89999999999999,0,1.0,Pass,Low
STU_006,2022_T1,SS1,52.083333333333336,52.666666666666664,70.89999999999999,0,0.9159468163415532,Pass,Low
STU_006,2022_T2,SS1,59.166666666666664,57.5,78.46666666666665,0,0.9233169934640523,Pass,Low
STU_006,2022_T3,SS1,74.16666666666667,69.66666666666667,71.23333333333333,0,0.9947058823529412,Pass,Low
STU_007,2022_T1,SS1,68.33333333333333,65.33333333333333,70.91666666666667,0,0.9989514712340799,Pass,Low
STU_007,2022_T2,SS1,71.25,67.5,73.93333333333332,0,0.9966666666666667,Pass,Low
STU_007,2022_T3,SS1,68.33333333333333,64.33333333333333,62.833333333333336,0,0.9184023282359195,Pass,Low
STU_008,2022_T1,SS3,58.75,61.5,85.10000000000001,0,0.9709428869013492,Pass,Low
STU_008,2022_T2,SS3,58.333333333333336,57.833333333333336,83.43333333333334,0,0.907186241499967,Pass,Low
STU_008,2022_T3,SS3,68.33333333333333,61.833333333333336,80.81666666666666,0,0.9606505847953216,Pass,Low
STU_009,2022_T1,SS2,66.66666666666667,64.33333333333333,60.916666666666664,0,0.941739005986942,Pass,Low
STU_009,2022_T2,SS2,67.5,64.66666666666667,55.333333333333336,0,0.592461572244181,Pass,Medium
STU_009,2022_T3,SS2,63.333333333333336,61.666666666666664,46.18333333333333,0,0.5901834130781499,Pass,Medium
STU_010,2022_T1,SS3,28.333333333333332,25.666666666666668,67.13333333333333,0,0.64,Pass,Medium
STU_010,2022_T2,SS3,30.0,22.666666666666668,80.53333333333332,0,0.63,Pass,Medium
STU_010,2022_T3,SS3,21.666666666666668,18.166666666666668,70.91666666666666,0,0.6433333333333333,Pass,Medium
STU_011,2022_T1,SS2,89.58333333333333,76.66666666666667,88.3,0,1.0,Pass,Low
STU_011,2022_T2,SS2,82.5,78.5,99.14999999999999,0,0.9930029575855347,Pass,Low
STU_011,2022_T3,SS2,81.25,78.83333333333333,97.83333333333333,0,1.0,Pass,Low
STU_012,2022_T1,SS3,40.833333333333336,39.333333333333336,85.18333333333334,0,0.6433333333333333,Pass,Medium
STU_012,2022_T2,SS3,35.833333333333336,28.333333333333332,90.25,0,0.63,Pass,Medium
STU_012,2022_T3,SS3,42.916666666666664,41.0,69.10000000000001,0,0.6433333333333333,Pass,Medium
STU_013,2022_T1,SS3,31.666666666666668,36.166666666666664,96.13333333333333,0,0.6233333333333333,Pass,Medium
STU_013,2022_T2,SS3,47.916666666666664,49.5,91.88333333333333,0,0.911876602215784,Pass,Low
STU_013,2022_T3,SS3,43.333333333333336,44.333333333333336,93.78333333333335,0,0.7040648567119154,Pass,Medium
STU_014,2022_T1,SS3,82.5,82.0,92.35000000000001,0,1.0,Pass,Low
STU_014,2022_T2,SS3,82.91666666666667,81.0,77.13333333333334,0,1.0,Pass,Low
STU_014,2022_T3,SS3,96.25,91.66666666666667,84.73333333333335,0,1.0,Pass,Low
STU_015,2022_T1,SS3,54.166666666666664,54.166666666666664,75.66666666666667,0,0.8394949494949495,Pass,Low
STU_015,2022_T2,SS3,39.583333333333336,35.333333333333336,76.7,0,0.6333333333333333,Pass,Medium
STU_015,2022_T3,SS3,28.75,31.666666666666668,67.75,0,0.6433333333333333,Pass,Medium
STU_016,2022_T1,SS3,55.416666666666664,51.666666666666664,73.45,0,0.9097142048670062,Pass,Low
STU_016,2022_T2,SS3,50.416666666666664,46.333333333333336,78.33333333333333,0,0.8859614747760098,Pass,Low
STU_016,2022_T3,SS3,43.75,45.333333333333336,72.10000000000001,0,0.69,Pass,Medium
STU_017,2022_T1,SS2,36.666666666666664,35.833333333333336,60.199999999999996,0,0.61,Pass,Medium
STU_017,2022_T2,SS2,46.25,50.833333333333336,60.23333333333334,0,0.7372930791068046,Pass,Medium
STU_017,2022_T3,SS2,39.583333333333336,47.166666666666664,68.16666666666667,0,0.7842701163526935,Pass,Low
STU_018,2022_T1,SS1,95.83333333333333,91.0,67.4,0,1.0,Pass,Low
STU_018,2022_T2,SS1,92.91666666666667,92.0,78.58333333333333,0,1.0,Pass,Low
STU_018,2022_T3,SS1,96.25,87.83333333333333,62.583333333333336,0,0.9986111111111111,Pass,Low
STU_019,2022_T1,SS3,57.083333333333336,50.833333333333336,48.35,0,0.7366666666666667,Pass,Medium
STU_019,2022_T2,SS3,57.083333333333336,59.166666666666664,50.349999999999994,0,0.6224999999999999,Pass,Medium
STU_019,2022_T3,SS3,62.916666666666664,59.5,48.68333333333334,0,0.6072058823529412,Pass,Medium
STU_020,2022_T1,SS2,42.083333333333336,38.833333333333336,84.91666666666667,0,0.6266666666666667,Pass,Medium
STU_020,2022_T2,SS2,37.083333333333336,43.166666666666664,77.31666666666666,0,0.65,Pass,Medium
STU_020,2022_T3,SS2,50.416666666666664,47.166666666666664,79.88333333333334,0,0.7777272727272727,Pass,Low
STU_021,2022_T1,SS1,80.0,81.33333333333333,86.46666666666665,0,1.0,Pass,Low
STU_021,2022_T2,SS1,82.08333333333333,83.33333333333333,97.08333333333333,0,1.0,Pass,Low
STU_021,2022_T3,SS1,88.75,85.16666666666667,83.83333333333333,0,0.9966666666666667,Pass,Low
STU_022,2022_T1,SS2,90.0,84.5,79.35000000000001,0,1.0,Pass,Low
STU_022,2022_T2,SS2,92.5,83.83333333333333,76.46666666666667,0,1.0,Pass,Low
STU_022,2022_T3,SS2,90.83333333333333,89.83333333333333,66.73333333333333,0,1.0,Pass,Low
STU_023,2022_T1,SS3,91.25,88.0,71.88333333333334,0,1.0,Pass,Low
STU_023,2022_T2,SS3,96.25,92.5,78.63333333333333,0,1.0,Pass,Low
STU_023,2022_T3,SS3,97.5,94.0,74.16666666666667,0,1.0,Pass,Low
STU_024,2022_T1,SS2,60.0,58.333333333333336,76.7,0,0.9681060606060606,Pass,Low
STU_024,2022_T2,SS2,58.75,56.166666666666664,69.71666666666665,0,0.9467328071797262,Pass,Low
STU_024,2022_T3,SS2,54.166666666666664,51.333333333333336,78.28333333333332,0,0.8696620227038183,Pass,Low
STU_025,2022_T1,SS3,43.75,40.833333333333336,87.31666666666668,0,0.6266666666666667,Pass,Medium
STU_025,2022_T2,SS3,47.5,45.333333333333336,83.6,0,0.6913725490196079,Pass,Medium
STU_025,2022_T3,SS3,57.083333333333336,48.833333333333336,77.0,0,0.7452777777777777,Pass,Medium
STU_026,2022_T1,SS2,73.75,73.83333333333333,68.73333333333333,0,1.0,Pass,Low
STU_026,2022_T2,SS2,62.5,68.0,73.78333333333333,0,0.9991228070175439,Pass,Low
STU_026,2022_T3,SS2,61.666666666666664,63.5,64.26666666666667,0,0.9933253159781174,Pass,Low
STU_027,2022_T1,SS1,88.75,86.83333333333333,84.18333333333334,0,1.0,Pass,Low
STU_027,2022_T2,SS1,95.41666666666667,91.33333333333333,79.26666666666667,0,1.0,Pass,Low
STU_027,2022_T3,SS1,96.25,90.33333333333333,69.60000000000001,0,0.9966666666666667,Pass,Low
STU_028,2022_T1,SS1,27.5,27.666666666666668,98.41666666666667,0,0.62,Pass,Medium
STU_028,2022_T2,SS1,27.083333333333332,24.166666666666668,97.88333333333333,0,0.6233333333333333,Pass,Medium
STU_028,2022_T3,SS1,19.583333333333332,18.833333333333332,94.58333333333333,0,0.63,Pass,Medium
STU_029,2022_T1,SS1,79.16666666666667,79.0,74.38333333333333,0,1.0,Pass,Low
STU_029,2022_T2,SS1,83.75,76.83333333333333,75.3,0,1.0,Pass,Low
STU_029,2022_T3,SS1,78.33333333333333,77.33333333333333,66.18333333333332,0,1.0,Pass,Low
STU_030,2022_T1,SS1,80.0,81.66666666666667,54.400000000000006,0,0.7964456759190122,Pass,Low
STU_030,2022_T2,SS1,80.41666666666667,77.16666666666667,58.75,0,0.7090797710311774,Pass,Medium
STU_030,2022_T3,SS1,82.91666666666667,79.33333333333333,44.86666666666667,0,0.6775556175803386,Pass,Medium
STU_031,2022_T1,SS3,32.5,26.166666666666668,95.60000000000001,0,0.6266666666666667,Pass,Medium
STU_031,2022_T2,SS3,30.0,29.5,94.7,0,0.6233333333333333,Pass,Medium
STU_031,2022_T3,SS3,48.333333333333336,49.5,92.80000000000001,0,0.8142514757794062,Pass,Low
STU_032,2022_T1,SS3,56.25,51.333333333333336,80.81666666666666,0,0.8333169934640523,Pass,Low
STU_032,2022_T2,SS3,51.25,49.166666666666664,86.30000000000001,0,0.8257268424611224,Pass,Low
STU_032,2022_T3,SS3,59.583333333333336,62.666666666666664,78.05000000000001,0,0.9980392156862745,Pass,Low
STU_033,2022_T1,SS2,75.83333333333333,72.83333333333333,81.10000000000001,0,1.0,Pass,Low
STU_033,2022_T2,SS2,73.33333333333333,74.66666666666667,85.76666666666667,0,0.9957894736842106,Pass,Low
STU_033,2022_T3,SS2,80.83333333333333,72.83333333333333,83.03333333333333,0,0.9938888888888889,Pass,Low
STU_034,2022_T1,SS2,28.75,25.833333333333332,100.0,0,0.6233333333333333,Pass,Medium
STU_034,2022_T2,SS2,40.416666666666664,41.666666666666664,97.13333333333333,0,0.6255750579801813,Pass,Medium
STU_034,2022_T3,SS2,49.166666666666664,42.333333333333336,89.96666666666665,0,0.6289083913135147,Pass,Medium
STU_035,2022_T1,SS1,20.0,17.833333333333332,92.08333333333333,0,0.63,Pass,Medium
STU_035,2022_T2,SS1,16.25,16.0,86.30000000000001,0,0.62,Pass,Medium
STU_035,2022_T3,SS1,9.166666666666666,12.5,90.51666666666667,0,0.6333333333333333,Pass,Medium
STU_036,2022_T1,SS1,79.58333333333333,76.66666666666667,54.83333333333334,0,0.673642716446806,Pass,Medium
STU_036,2022_T2,SS1,89.16666666666667,84.83333333333333,53.38333333333333,0,0.7066411488743323,Pass,Medium
STU_036,2022_T3,SS1,88.75,80.83333333333333,50.56666666666666,0,0.7185855933187768,Pass,Medium
STU_037,2022_T1,SS2,50.416666666666664,52.166666666666664,77.95,0,0.8757040035987405,Pass,Low
STU_037,2022_T2,SS2,68.75,64.16666666666667,81.35,0,0.9838341212637888,Pass,Low
STU_037,2022_T3,SS2,68.75,62.833333333333336,77.88333333333334,0,0.9847159205484977,Pass,Low
STU_038,2022_T1,SS3,44.166666666666664,42.333333333333336,77.46666666666667,0,0.6633333333333333,Pass,Medium
STU_038,2022_T2,SS3,58.75,55.333333333333336,76.58333333333333,0,0.9045676758691018,Pass,Low
STU_038,2022_T3,SS3,72.5,67.0,78.83333333333333,0,0.9663220439691028,Pass,Low
STU_039,2022_T1,SS2,52.5,47.666666666666664,61.94999999999999,0,0.771060606060606,Pass,Low
STU_039,2022_T2,SS2,27.5,27.833333333333332,72.26666666666667,0,0.64,Pass,Medium
STU_039,2022_T3,SS2,40.0,31.166666666666668,63.01666666666667,0,0.6433333333333333,Pass,Medium
STU_040,2022_T1,SS3,37.5,35.0,99.25,0,0.62,Pass,Medium
STU_040,2022_T2,SS3,48.75,38.0,97.58333333333333,0,0.6352777777777778,Pass,Medium
STU_040,2022_T3,SS3,32.5,31.166666666666668,94.78333333333335,0,0.62,Pass,Medium
STU_041,2022_T1,SS3,74.58333333333333,68.0,86.38333333333334,0,0.9924561403508771,Pass,Low
STU_041,2022_T2,SS3,63.75,60.0,84.51666666666667,0,0.9952777777777778,Pass,Low
STU_041,2022_T3,SS3,56.666666666666664,57.833333333333336,87.45,0,0.9902231718898385,Pass,Low
STU_042,2022_T1,SS2,47.083333333333336,44.833333333333336,72.66666666666666,0,0.6566666666666667,Pass,Medium
STU_042,2022_T2,SS2,50.833333333333336,51.833333333333336,68.16666666666667,0,0.7718151147098515,Pass,Low
STU_042,2022_T3,SS2,53.333333333333336,55.833333333333336,68.53333333333333,0,0.7840461601307189,Pass,Low
STU_043,2022_T1,SS3,45.416666666666664,40.833333333333336,56.73333333333333,0,0.6166666666666667,Pass,Medium
STU_043,2022_T2,SS3,52.5,46.333333333333336,73.14999999999999,0,0.7822941308777223,Pass,Low
STU_043,2022_T3,SS3,44.583333333333336,38.666666666666664,60.13333333333333,0,0.6166666666666667,Pass,Medium
STU_044,2022_T1,SS1,52.083333333333336,55.333333333333336,97.39999999999999,0,0.9588091729677898,Pass,Low
STU_044,2022_T2,SS1,66.66666666666667,61.166666666666664,96.06666666666666,0,0.9483784642766336,Pass,Low
STU_044,2022_T3,SS1,55.416666666666664,49.5,95.56666666666666,0,0.8915600019120442,Pass,Low
STU_045,2022_T1,SS2,42.916666666666664,34.833333333333336,81.80000000000001,0,0.62,Pass,Medium
STU_045,2022_T2,SS2,40.0,33.833333333333336,87.96666666666665,0,0.6266666666666667,Pass,Medium
STU_045,2022_T3,SS2,24.166666666666668,25.166666666666668,83.56666666666666,0,0.63,Pass,Medium
STU_046,2022_T1,SS3,75.83333333333333,72.16666666666667,60.76666666666666,0,0.9752614379084967,Pass,Low
STU_046,2022_T2,SS3,80.83333333333333,77.16666666666667,72.5,0,0.9966666666666667,Pass,Low
STU_046,2022_T3,SS3,72.5,68.33333333333333,66.01666666666667,0,0.9952777777777778,Pass,Low
STU_047,2022_T1,SS2,62.083333333333336,58.5,64.81666666666666,0,0.7339957264957264,Pass,Medium
STU_047,2022_T2,SS2,61.666666666666664,62.333333333333336,61.70000000000001,0,0.9928350592130297,Pass,Low
STU_047,2022_T3,SS2,55.0,54.333333333333336,60.599999999999994,0,0.7526923076923077,Pass,Low
STU_048,2022_T1,SS3,57.5,58.166666666666664,97.85000000000001,0,0.9887878787878788,Pass,Low
STU_048,2022_T2,SS3,48.75,47.0,100.0,0,0.7746732026143791,Pass,Low
STU_048,2022_T3,SS3,52.5,51.333333333333336,96.05,0,0.8546147663776789,Pass,Low
STU_049,2022_T1,SS2,39.583333333333336,37.0,84.25,0,0.63,Pass,Medium
STU_049,2022_T2,SS2,55.0,47.166666666666664,89.05,0,0.79,Pass,Low
STU_049,2022_T3,SS2,43.333333333333336,42.0,79.01666666666668,0,0.6233333333333333,Pass,Medium
STU_050,2022_T1,SS2,61.25,58.833333333333336,97.58333333333333,0,0.9833333333333333,Pass,Low
STU_050,2022_T2,SS2,52.916666666666664,48.5,98.0,0,0.8041844919786096,Pass,Low
STU_050,2022_T3,SS2,42.083333333333336,40.666666666666664,96.78333333333335,0,0.6366666666666667,Pass,Medium
STU_051,2022_T1,SS3,85.0,79.66666666666667,89.60000000000001,0,1.0,Pass,Low
STU_051,2022_T2,SS3,82.5,78.83333333333333,80.46666666666667,0,1.0,Pass,Low
STU_051,2022_T3,SS3,90.0,81.5,70.55,0,0.9966666666666667,Pass,Low
STU_052,2022_T1,SS3,85.41666666666667,85.83333333333333,79.64999999999999,0,1.0,Pass,Low
STU_052,2022_T2,SS3,64.58333333333333,68.83333333333333,76.11666666666666,0,0.9955750579801813,Pass,Low
STU_052,2022_T3,SS3,57.5,60.833333333333336,63.54999999999999,0,0.9146115176533133,Pass,Low
STU_053,2022_T1,SS3,67.91666666666667,63.0,98.13333333333333,0,0.9860653963289487,Pass,Low
STU_053,2022_T2,SS3,80.0,75.83333333333333,99.61666666666667,0,0.9896696242522014,Pass,Low
STU_053,2022_T3,SS3,58.75,55.666666666666664,99.53333333333335,0,0.8418749329871642,Pass,Low
STU_054,2022_T1,SS2,38.333333333333336,38.0,77.75,0,0.6366666666666667,Pass,Medium
STU_054,2022_T2,SS2,57.916666666666664,52.5,76.21666666666667,0,0.7773968149766696,Pass,Low
STU_054,2022_T3,SS2,63.333333333333336,57.666666666666664,77.63333333333333,0,0.9866503267973856,Pass,Low
STU_055,2022_T1,SS3,62.916666666666664,60.333333333333336,81.10000000000001,0,0.9364414798570501,Pass,Low
STU_055,2022_T2,SS3,58.333333333333336,55.0,73.46666666666665,0,0.8244005847953216,Pass,Low
STU_055,2022_T3,SS3,60.0,56.166666666666664,78.56666666666666,0,0.9723476849947438,Pass,Low
STU_056,2022_T1,SS3,56.666666666666664,50.333333333333336,67.76666666666667,0,0.7743939393939394,Pass,Low
STU_056,2022_T2,SS3,52.5,54.0,68.60000000000001,0,0.7733169934640522,Pass,Low
STU_056,2022_T3,SS3,58.75,59.5,55.68333333333334,0,0.6096553773024361,Pass,Medium
STU_057,2022_T1,SS3,77.5,72.66666666666667,82.81666666666666,0,1.0,Pass,Low
STU_057,2022_T2,SS3,63.75,58.333333333333336,69.15,0,0.8033333333333333,Pass,Low
STU_057,2022_T3,SS3,62.5,58.0,75.18333333333334,0,0.8052777777777778,Pass,Low
STU_058,2022_T1,SS1,59.166666666666664,55.833333333333336,87.43333333333334,0,0.887290722394889,Pass,Low
STU_058,2022_T2,SS1,52.916666666666664,53.166666666666664,92.56666666666666,0,0.9576614851729304,Pass,Low
STU_058,2022_T3,SS1,49.583333333333336,47.0,78.73333333333333,0,0.7986111111111112,Pass,Low
STU_059,2022_T1,SS3,68.33333333333333,65.33333333333333,87.48333333333335,0,0.9947179596476272,Pass,Low
STU_059,2022_T2,SS3,64.16666666666667,60.666666666666664,85.68333333333334,0,0.9878474372205023,Pass,Low
STU_059,2022_T3,SS3,65.41666666666667,63.5,87.75000000000001,0,0.974048879072382,Pass,Low
STU_060,2022_T1,SS1,87.5,77.5,82.8,0,1.0,Pass,Low
STU_060,2022_T2,SS1,82.5,77.33333333333333,81.21666666666667,0,1.0,Pass,Low
STU_060,2022_T3,SS1,87.5,79.66666666666667,74.15,0,1.0,Pass,Low
STU_061,2022_T1,SS1,48.75,47.666666666666664,89.16666666666667,0,0.8180392156862745,Pass,Low
STU_061,2022_T2,SS1,56.25,47.666666666666664,98.33333333333333,0,0.7929382115749526,Pass,Low
STU_061,2022_T3,SS1,57.5,59.0,88.08333333333333,0,0.986078431372549,Pass,Low
STU_062,2022_T1,SS1,65.41666666666667,59.5,86.08333333333333,0,0.9989247311827957,Pass,Low
STU_062,2022_T2,SS1,72.08333333333333,68.0,81.63333333333333,0,0.9942025089605735,Pass,Low
STU_062,2022_T3,SS1,75.41666666666667,76.5,68.3,0,1.0,Pass,Low
STU_063,2022_T1,SS2,54.166666666666664,59.333333333333336,96.76666666666665,0,0.8787848297213622,Pass,Low
STU_063,2022_T2,SS2,62.916666666666664,63.666666666666664,98.34999999999998,0,0.8668579474384732,Pass,Low
STU_063,2022_T3,SS2,67.08333333333333,67.5,97.93333333333334,0,0.99528442317916,Pass,Low
STU_064,2022_T1,SS2,29.583333333333332,30.833333333333332,73.7,0,0.6333333333333333,Pass,Medium
STU_064,2022_T2,SS2,20.0,20.0,77.03333333333333,0,0.6366666666666667,Pass,Medium
STU_064,2022_T3,SS2,23.333333333333332,28.333333333333332,74.7,0,0.6333333333333333,Pass,Medium
STU_065,2022_T1,SS3,32.083333333333336,26.333333333333332,58.25,0,0.6233333333333333,Pass,Medium
STU_065,2022_T2,SS3,26.25,26.833333333333332,46.23333333333334,0,0.61,Pass,Medium
STU_065,2022_T3,SS3,15.833333333333334,19.0,43.050000000000004,0,0.6233333333333333,Pass,Medium
STU_066,2022_T1,SS3,60.833333333333336,56.166666666666664,85.68333333333334,0,0.9224038197593409,Pass,Low
STU_066,2022_T2,SS3,72.08333333333333,71.0,90.78333333333332,0,1.0,Pass,Low
STU_066,2022_T3,SS3,64.58333333333333,62.5,81.8,0,0.9365440709597848,Pass,Low
STU_067,2022_T1,SS2,47.916666666666664,46.5,82.28333333333332,0,0.7781150229081264,Pass,Low
STU_067,2022_T2,SS2,57.5,51.5,67.26666666666665,0,0.7386111111111111,Pass,Medium
STU_067,2022_T3,SS2,51.25,48.333333333333336,76.19999999999999,0,0.7417073170731707,Pass,Medium
STU_068,2022_T1,SS2,42.916666666666664,44.333333333333336,78.61666666666666,0,0.6666666666666667,Pass,Medium
STU_068,2022_T2,SS2,45.833333333333336,42.0,74.56666666666666,0,0.6566666666666667,Pass,Medium
STU_068,2022_T3,SS2,32.916666666666664,33.166666666666664,62.93333333333334,0,0.64,Pass,Medium
STU_069,2022_T1,SS3,91.66666666666667,86.16666666666667,83.78333333333333,0,1.0,Pass,Low
STU_069,2022_T2,SS3,83.75,88.33333333333333,79.08333333333333,0,1.0,Pass,Low
STU_069,2022_T3,SS3,97.08333333333333,91.83333333333333,75.96666666666667,0,1.0,Pass,Low
STU_070,2022_T1,SS1,46.666666666666664,47.0,75.56666666666666,0,0.7693589743589744,Pass,Low
STU_070,2022_T2,SS1,45.833333333333336,42.833333333333336,80.93333333333334,0,0.63,Pass,Medium
STU_070,2022_T3,SS1,54.166666666666664,50.5,77.78333333333335,0,0.78,Pass,Low
STU_071,2022_T1,SS2,65.0,63.5,60.68333333333334,0,0.6407599405425493,Pass,Medium
STU_071,2022_T2,SS2,81.66666666666667,74.5,73.30000000000001,0,0.9938888888888889,Pass,Low
STU_071,2022_T3,SS2,62.083333333333336,59.166666666666664,53.53333333333333,0,0.5982828282828283,Pass,Medium
STU_072,2022_T1,SS3,41.25,39.833333333333336,82.38333333333334,0,0.6733333333333333,Pass,Medium
STU_072,2022_T2,SS3,39.583333333333336,37.666666666666664,65.78333333333332,0,0.6366666666666667,Pass,Medium
STU_072,2022_T3,SS3,30.0,26.166666666666668,70.08333333333333,0,0.63,Pass,Medium
STU_073,2022_T1,SS1,75.41666666666667,68.66666666666667,90.78333333333332,0,0.9991228070175439,Pass,Low
STU_073,2022_T2,SS1,61.666666666666664,55.833333333333336,84.88333333333333,0,0.8410635198135198,Pass,Low
STU_073,2022_T3,SS1,55.416666666666664,52.833333333333336,79.86666666666666,0,0.8515277777777778,Pass,Low
STU_074,2022_T1,SS1,59.166666666666664,59.333333333333336,71.48333333333333,0,0.9694949494949495,Pass,Low
STU_074,2022_T2,SS1,61.25,58.5,71.61666666666666,0,0.9640485168426345,Pass,Low
STU_074,2022_T3,SS1,61.25,61.833333333333336,68.33333333333333,0,0.9944971721456345,Pass,Low
STU_075,2022_T1,SS3,51.25,45.333333333333336,92.2,0,0.7113725490196079,Pass,Medium
STU_075,2022_T2,SS3,50.416666666666664,47.166666666666664,92.63333333333333,0,0.81,Pass,Low
STU_075,2022_T3,SS3,43.333333333333336,44.5,87.14999999999999,0,0.7147058823529411,Pass,Medium
STU_076,2022_T1,SS3,63.75,58.5,72.91666666666667,0,0.987534165181224,Pass,Low
STU_076,2022_T2,SS3,63.333333333333336,63.333333333333336,79.16666666666667,0,0.9969533124965116,Pass,Low
STU_076,2022_T3,SS3,73.75,67.5,73.15,0,0.9819444444444444,Pass,Low
STU_077,2022_T1,SS2,68.33333333333333,64.0,78.55,0,0.9958402698941825,Pass,Low
STU_077,2022_T2,SS2,69.16666666666667,68.0,81.24999999999999,0,0.9933333333333333,Pass,Low
STU_077,2022_T3,SS2,90.41666666666667,83.66666666666667,85.83333333333333,0,1.0,Pass,Low
STU_078,2022_T1,SS1,39.166666666666664,37.333333333333336,42.583333333333336,0,0.63,Pass,Medium
STU_078,2022_T2,SS1,45.0,43.666666666666664,60.550000000000004,0,0.6233333333333333,Pass,Medium
STU_078,2022_T3,SS1,43.333333333333336,45.666666666666664,54.033333333333324,0,0.6416091954022989,Pass,Medium
STU_079,2022_T1,SS3,68.75,64.16666666666667,83.33333333333333,0,0.9966853893627349,Pass,Low
STU_079,2022_T2,SS3,70.83333333333333,66.83333333333333,79.48333333333333,0,0.9966666666666667,Pass,Low
STU_079,2022_T3,SS3,62.5,64.5,77.53333333333333,0,0.9938509200491469,Pass,Low
STU_080,2022_T1,SS2,53.75,54.833333333333336,81.03333333333333,0,0.8511111111111112,Pass,Low
STU_080,2022_T2,SS2,69.58333333333333,64.0,80.03333333333333,0,0.9921345029239766,Pass,Low
STU_080,2022_T3,SS2,71.66666666666667,63.5,82.14999999999999,0,0.9230806149811063,Pass,Low
STU_081,2022_T1,SS2,40.833333333333336,40.333333333333336,76.05,0,0.63,Pass,Medium
STU_081,2022_T2,SS2,34.583333333333336,37.333333333333336,81.73333333333333,0,0.6324561403508772,Pass,Medium
STU_081,2022_T3,SS2,55.416666666666664,53.0,80.53333333333335,0,0.8683364958886781,Pass,Low
STU_082,2022_T1,SS1,80.0,77.0,79.39999999999999,0,1.0,Pass,Low
STU_082,2022_T2,SS1,72.08333333333333,67.83333333333333,69.91666666666667,0,0.9986111111111111,Pass,Low
STU_082,2022_T3,SS1,78.75,76.5,66.56666666666666,0,0.9966666666666667,Pass,Low
STU_083,2022_T1,SS2,44.583333333333336,37.833333333333336,65.55000000000001,0,0.6466666666666667,Pass,Medium
STU_083,2022_T2,SS2,45.416666666666664,41.333333333333336,65.51666666666667,0,0.6333333333333333,Pass,Medium
STU_083,2022_T3,SS2,51.25,51.833333333333336,67.1,0,0.7808331949049849,Pass,Low
STU_084,2022_T1,SS2,33.75,35.0,48.78333333333333,0,0.6233333333333333,Pass,Medium
STU_084,2022_T2,SS2,38.333333333333336,36.833333333333336,51.966666666666676,0,0.62,Pass,Medium
STU_084,2022_T3,SS2,39.583333333333336,37.166666666666664,60.550000000000004,0,0.6333333333333333,Pass,Medium
STU_085,2022_T1,SS1,47.5,46.833333333333336,51.11666666666667,0,0.7437529137529137,Pass,Medium
STU_085,2022_T2,SS1,50.833333333333336,62.666666666666664,56.20000000000001,0,0.6303807343208965,Pass,Medium
STU_085,2022_T3,SS1,56.666666666666664,54.833333333333336,50.4,0,0.7266666666666667,Pass,Medium
STU_086,2022_T1,SS2,62.5,64.66666666666667,87.23333333333333,0,0.994065335753176,Pass,Low
STU_086,2022_T2,SS2,58.333333333333336,51.833333333333336,89.09999999999998,0,0.8164580191050779,Pass,Low
STU_086,2022_T3,SS2,36.25,42.0,88.10000000000001,0,0.7230116959064328,Pass,Medium
STU_087,2022_T1,SS1,80.41666666666667,85.5,98.75,0,0.9930029575855347,Pass,Low
STU_087,2022_T2,SS1,87.91666666666667,83.0,92.69999999999999,0,1.0,Pass,Low
STU_087,2022_T3,SS1,95.41666666666667,94.0,92.38333333333333,0,1.0,Pass,Low
STU_088,2022_T1,SS3,60.833333333333336,62.0,99.58333333333333,0,0.9336540848041129,Pass,Low
STU_088,2022_T2,SS3,64.16666666666667,57.333333333333336,99.16666666666667,0,0.934758841915531,Pass,Low
STU_088,2022_T3,SS3,52.916666666666664,54.333333333333336,89.61666666666666,0,0.8219478861977341,Pass,Low
STU_089,2022_T1,SS1,60.416666666666664,63.0,64.3,0,0.9966569721987678,Pass,Low
STU_089,2022_T2,SS1,71.66666666666667,63.166666666666664,79.16666666666667,0,0.8621048722519311,Pass,Low
STU_089,2022_T3,SS1,75.41666666666667,73.5,65.25,0,0.9894786096256685,Pass,Low
STU_090,2022_T1,SS3,55.0,50.666666666666664,78.1,0,0.8005555555555556,Pass,Low
STU_090,2022_T2,SS3,62.5,64.5,85.3,0,0.9966666666666667,Pass,Low
STU_090,2022_T3,SS3,68.75,61.666666666666664,78.13333333333334,0,0.9913725490196078,Pass,Low
STU_091,2022_T1,SS1,65.83333333333333,62.5,70.55000000000001,0,0.9900507962099719,Pass,Low
STU_091,2022_T2,SS1,71.25,66.66666666666667,79.6,0,0.9947058823529412,Pass,Low
STU_091,2022_T3,SS1,80.41666666666667,75.66666666666667,80.78333333333333,0,1.0,Pass,Low
STU_092,2022_T1,SS2,25.416666666666668,24.333333333333332,72.56666666666668,0,0.64,Pass,Medium
STU_092,2022_T2,SS2,16.25,22.5,87.53333333333335,0,0.6333333333333333,Pass,Medium
STU_092,2022_T3,SS2,17.5,13.5,84.31666666666668,0,0.6333333333333333,Pass,Medium
STU_093,2022_T1,SS2,62.916666666666664,61.0,76.39999999999999,0,0.9863020823036481,Pass,Low
STU_093,2022_T2,SS2,53.333333333333336,54.666666666666664,77.56666666666666,0,0.8385784313725491,Pass,Low
STU_093,2022_T3,SS2,60.416666666666664,59.833333333333336,85.18333333333334,0,0.9849425287356322,Pass,Low
STU_094,2022_T1,SS3,66.66666666666667,67.16666666666667,68.88333333333334,0,0.997534165181224,Pass,Low
STU_094,2022_T2,SS3,63.75,67.33333333333333,77.93333333333334,0,0.9949425287356322,Pass,Low
STU_094,2022_T3,SS3,73.75,74.66666666666667,77.36666666666666,0,1.0,Pass,Low
STU_095,2022_T1,SS1,81.66666666666667,80.16666666666667,95.48333333333333,0,1.0,Pass,Low
STU_095,2022_T2,SS1,77.08333333333333,73.16666666666667,91.75,0,1.0,Pass,Low
STU_095,2022_T3,SS1,86.66666666666667,82.5,79.28333333333333,0,1.0,Pass,Low
STU_096,2022_T1,SS2,57.083333333333336,54.333333333333336,75.51666666666667,0,0.8146341821114961,Pass,Low
STU_096,2022_T2,SS2,68.75,65.66666666666667,89.83333333333333,0,0.9247727272727273,Pass,Low
STU_096,2022_T3,SS2,60.416666666666664,58.166666666666664,78.31666666666666,0,0.9933169934640523,Pass,Low
STU_097,2022_T1,SS3,46.25,37.666666666666664,98.61666666666667,0,0.6452777777777778,Pass,Medium
STU_097,2022_T2,SS3,57.916666666666664,52.166666666666664,96.81666666666666,0,0.8291531299714412,Pass,Low
STU_097,2022_T3,SS3,48.75,51.666666666666664,98.8,0,0.8287275408411265,Pass,Low
STU_098,2022_T1,SS1,70.83333333333333,69.5,69.05,0,0.9919444444444444,Pass,Low
STU_098,2022_T2,SS1,80.0,76.83333333333333,83.76666666666667,0,0.9652777777777778,Pass,Low
STU_098,2022_T3,SS1,77.5,76.16666666666667,75.7,0,1.0,Pass,Low
STU_099,2022_T1,SS3,82.91666666666667,76.83333333333333,90.59999999999998,0,1.0,Pass,Low
STU_099,2022_T2,SS3,73.75,77.16666666666667,88.81666666666668,0,0.9991228070175439,Pass,Low
STU_099,2022_T3,SS3,72.08333333333333,68.5,82.55,0,0.9952777777777778,Pass,Low
STU_100,2022_T1,SS3,28.333333333333332,24.666666666666668,77.75,0,0.64,Pass,Medium
STU_100,2022_T2,SS3,25.416666666666668,22.5,72.60000000000001,0,0.6333333333333333,Pass,Medium
STU_100,2022_T3,SS3,30.416666666666668,31.0,70.95,0,0.63,Pass,Medium
STU_101,2022_T1,SS3,40.833333333333336,44.666666666666664,66.08333333333333,0,0.6966666666666667,Pass,Medium
STU_101,2022_T2,SS3,44.583333333333336,44.333333333333336,77.93333333333332,0,0.6907320024198427,Pass,Medium
STU_101,2022_T3,SS3,38.333333333333336,37.833333333333336,83.78333333333333,0,0.6133333333333333,Pass,Medium
STU_102,2022_T1,SS3,94.58333333333333,89.33333333333333,99.2,0,0.9930050505050505,Pass,Low
STU_102,2022_T2,SS3,88.75,81.5,97.2,0,1.0,Pass,Low
STU_102,2022_T3,SS3,80.41666666666667,82.0,87.76666666666667,0,1.0,Pass,Low
STU_103,2022_T1,SS2,29.166666666666668,27.0,59.4,0,0.6166666666666667,Pass,Medium
STU_103,2022_T2,SS2,26.666666666666668,25.5,58.53333333333333,0,0.6233333333333333,Pass,Medium
STU_103,2022_T3,SS2,14.583333333333334,17.166666666666668,43.70000000000001,0,0.62,Pass,Medium
STU_104,2022_T1,SS2,36.666666666666664,35.333333333333336,99.2,0,0.62,Pass,Medium
STU_104,2022_T2,SS2,57.916666666666664,52.5,93.23333333333333,0,0.8413216845878136,Pass,Low
STU_104,2022_T3,SS2,52.916666666666664,53.333333333333336,88.71666666666665,0,0.8372845717234263,Pass,Low
STU_105,2022_T1,SS1,54.583333333333336,51.333333333333336,98.34999999999998,0,0.9188778073002851,Pass,Low
STU_105,2022_T2,SS1,37.916666666666664,35.5,91.25,0,0.6433333333333333,Pass,Medium
STU_105,2022_T3,SS1,40.416666666666664,37.0,91.0,0,0.6361616161616162,Pass,Medium
STU_106,2022_T1,SS2,55.833333333333336,44.0,72.10000000000001,0,0.6601834130781499,Pass,Medium
STU_106,2022_T2,SS2,50.416666666666664,48.166666666666664,75.21666666666667,0,0.7719444444444444,Pass,Low
STU_106,2022_T3,SS2,50.833333333333336,46.666666666666664,66.89999999999999,0,0.7515295169946332,Pass,Low
STU_107,2022_T1,SS2,92.08333333333333,84.33333333333333,76.51666666666667,0,1.0,Pass,Low
STU_107,2022_T2,SS2,76.25,68.83333333333333,75.08333333333333,0,0.9933169934640523,Pass,Low
STU_107,2022_T3,SS2,73.33333333333333,72.5,71.10000000000001,0,0.9986111111111111,Pass,Low
STU_108,2022_T1,SS2,67.08333333333333,66.83333333333333,92.7,0,1.0,Pass,Low
STU_108,2022_T2,SS2,67.91666666666667,66.5,97.55,0,0.9928282828282828,Pass,Low
STU_108,2022_T3,SS2,75.0,69.33333333333333,79.88333333333334,0,0.9056813292346808,Pass,Low
STU_109,2022_T1,SS2,63.333333333333336,60.833333333333336,79.44999999999999,0,0.9359304050567595,Pass,Low
STU_109,2022_T2,SS2,74.58333333333333,62.833333333333336,91.14999999999999,0,0.9626613050664284,Pass,Low
STU_109,2022_T3,SS2,62.083333333333336,56.333333333333336,70.31666666666666,0,0.9441627997045954,Pass,Low
STU_110,2022_T1,SS3,55.416666666666664,51.166666666666664,80.28333333333333,0,0.8352614379084967,Pass,Low
STU_110,2022_T2,SS3,53.333333333333336,46.166666666666664,83.13333333333334,0,0.8254724204125827,Pass,Low
STU_110,2022_T3,SS3,54.583333333333336,52.333333333333336,70.33333333333334,0,0.7975534188034188,Pass,Low
STU_111,2022_T1,SS1,60.833333333333336,63.833333333333336,45.43333333333334,0,0.5852777777777778,Pass,Medium
STU_111,2022_T2,SS1,62.5,60.333333333333336,42.583333333333336,0,0.5910672514619882,Pass,Medium
STU_111,2022_T3,SS1,61.25,60.5,41.616666666666674,0,0.5766666666666667,Pass,Medium
STU_112,2022_T1,SS2,41.25,43.5,74.43333333333334,0,0.6633333333333333,Pass,Medium
STU_112,2022_T2,SS2,53.75,50.333333333333336,74.3,0,0.7952777777777778,Pass,Low
STU_112,2022_T3,SS2,71.25,70.16666666666667,56.16666666666668,0,0.655086429869004,Pass,Medium
STU_113,2022_T1,SS3,80.41666666666667,75.33333333333333,97.58333333333333,0,1.0,Pass,Low
STU_113,2022_T2,SS3,81.25,74.16666666666667,85.56666666666666,0,0.9958333333333333,Pass,Low
STU_113,2022_T3,SS3,90.83333333333333,86.0,88.75,0,1.0,Pass,Low
STU_114,2022_T1,SS1,40.833333333333336,46.0,41.88333333333333,0,0.6836302294197031,Pass,Medium
STU_114,2022_T2,SS1,47.5,34.5,44.0,0,0.6266666666666667,Pass,Medium
STU_114,2022_T3,SS1,40.833333333333336,42.833333333333336,43.23333333333333,0,0.6333333333333333,Pass,Medium
STU_115,2022_T1,SS2,42.5,47.166666666666664,90.8,0,0.8703774246342258,Pass,Low
STU_115,2022_T2,SS2,49.166666666666664,47.666666666666664,92.48333333333335,0,0.8157664884135473,Pass,Low
STU_115,2022_T3,SS2,48.333333333333336,50.333333333333336,88.26666666666667,0,0.8576473734676422,Pass,Low
STU_116,2022_T1,SS1,27.083333333333332,26.166666666666668,72.76666666666667,0,0.6333333333333333,Pass,Medium
STU_116,2022_T2,SS1,19.166666666666668,16.666666666666668,65.16666666666667,0,0.6266666666666667,Pass,Medium
STU_116,2022_T3,SS1,40.416666666666664,32.833333333333336,56.04999999999999,0,0.6133333333333333,Pass,Medium
STU_117,2022_T1,SS1,48.333333333333336,46.166666666666664,90.89999999999999,0,0.905824099378648,Pass,Low
STU_117,2022_T2,SS1,30.833333333333332,25.5,97.16666666666667,0,0.6233333333333333,Pass,Medium
STU_117,2022_T3,SS1,37.916666666666664,35.5,95.13333333333334,0,0.6380392156862744,Pass,Medium
STU_118,2022_T1,SS3,75.41666666666667,76.83333333333333,53.88333333333333,0,0.6485395993755126,Pass,Medium
STU_118,2022_T2,SS3,73.75,74.5,49.38333333333333,0,0.6409286609312408,Pass,Medium
STU_118,2022_T3,SS3,75.83333333333333,68.5,51.56666666666666,0,0.6314393939393939,Pass,Medium
STU_119,2022_T1,SS1,42.5,46.666666666666664,81.28333333333332,0,0.9084173276652637,Pass,Low
STU_119,2022_T2,SS1,53.75,50.166666666666664,78.81666666666666,0,0.8024561403508772,Pass,Low
STU_119,2022_T3,SS1,45.0,43.833333333333336,78.46666666666667,0,0.6466666666666667,Pass,Medium
STU_120,2022_T1,SS1,96.66666666666667,87.83333333333333,79.76666666666667,0,1.0,Pass,Low
STU_120,2022_T2,SS1,85.83333333333333,82.5,85.39999999999999,0,1.0,Pass,Low
STU_120,2022_T3,SS1,96.66666666666667,90.5,69.6,0,1.0,Pass,Low
STU_121,2022_T1,SS1,68.75,70.0,97.86666666666667,0,0.9966666666666667,Pass,Low
STU_121,2022_T2,SS1,71.66666666666667,66.5,98.5,0,0.8949549781861799,Pass,Low
STU_121,2022_T3,SS1,65.83333333333333,65.5,95.71666666666665,0,0.9913562091503269,Pass,Low
STU_122,2022_T1,SS1,57.916666666666664,56.0,44.28333333333334,0,0.7101409313725491,Pass,Medium
STU_122,2022_T2,SS1,71.66666666666667,63.166666666666664,43.01666666666667,0,0.594474469043949,Pass,Medium
STU_122,2022_T3,SS1,50.0,49.666666666666664,45.35,0,0.7575145243282498,Pass,Low
STU_123,2022_T1,SS1,55.833333333333336,58.333333333333336,86.68333333333332,0,0.9717987748405705,Pass,Low
STU_123,2022_T2,SS1,54.583333333333336,58.666666666666664,92.73333333333333,0,0.9377012383900929,Pass,Low
STU_123,2022_T3,SS1,56.25,52.0,83.11666666666666,0,0.8648464483545129,Pass,Low
STU_124,2022_T1,SS2,44.166666666666664,38.0,71.26666666666667,0,0.63,Pass,Medium
STU_124,2022_T2,SS2,38.75,40.166666666666664,77.68333333333334,0,0.63,Pass,Medium
STU_124,2022_T3,SS2,50.0,45.833333333333336,71.35000000000001,0,0.6699999999999999,Pass,Medium
STU_125,2022_T1,SS2,53.333333333333336,51.0,81.76666666666667,0,0.8930050505050505,Pass,Low
STU_125,2022_T2,SS2,54.166666666666664,51.333333333333336,80.0,0,0.886233660130719,Pass,Low
STU_125,2022_T3,SS2,50.416666666666664,54.0,79.16666666666667,0,0.8556419028999673,Pass,Low
STU_126,2022_T1,SS2,62.916666666666664,57.0,68.89999999999999,0,0.977465034965035,Pass,Low
STU_126,2022_T2,SS2,66.25,63.666666666666664,62.76666666666666,0,0.996123188405797,Pass,Low
STU_126,2022_T3,SS2,55.0,61.166666666666664,69.64999999999999,0,0.8296181630546956,Pass,Low
STU_127,2022_T1,SS3,59.583333333333336,54.166666666666664,90.55000000000001,0,0.9511514475258204,Pass,Low
STU_127,2022_T2,SS3,57.916666666666664,56.0,81.8,0,0.8868697384627021,Pass,Low
STU_127,2022_T3,SS3,52.916666666666664,52.5,92.64999999999999,0,0.8683615176533133,Pass,Low
STU_128,2022_T1,SS3,18.333333333333332,21.166666666666668,57.76666666666666,0,0.6266666666666667,Pass,Medium
STU_128,2022_T2,SS3,24.583333333333332,20.5,68.48333333333333,0,0.6333333333333333,Pass,Medium
STU_128,2022_T3,SS3,25.416666666666668,24.5,67.03333333333335,0,0.63,Pass,Medium
STU_129,2022_T1,SS3,69.16666666666667,58.5,79.95,0,0.9268782062786975,Pass,Low
STU_129,2022_T2,SS3,60.416666666666664,54.5,80.75000000000001,0,0.8858799714217671,Pass,Low
STU_129,2022_T3,SS3,69.58333333333333,64.83333333333333,68.58333333333333,0,0.9885981156595192,Pass,Low
STU_130,2022_T1,SS2,96.66666666666667,93.0,72.31666666666666,0,1.0,Pass,Low
STU_130,2022_T2,SS2,88.75,82.66666666666667,83.13333333333333,0,1.0,Pass,Low
STU_130,2022_T3,SS2,92.08333333333333,88.5,67.5,0,1.0,Pass,Low
STU_131,2022_T1,SS3,55.416666666666664,52.333333333333336,76.15000000000002,0,0.8509558823529412,Pass,Low
STU_131,2022_T2,SS3,44.583333333333336,41.5,71.8,0,0.64,Pass,Medium
STU_131,2022_T3,SS3,61.666666666666664,53.666666666666664,83.0,0,0.824803825345621,Pass,Low
STU_132,2022_T1,SS3,47.916666666666664,41.666666666666664,70.45,0,0.6443939393939393,Pass,Medium
STU_132,2022_T2,SS3,42.5,36.0,76.14999999999999,0,0.6433333333333333,Pass,Medium
STU_132,2022_T3,SS3,37.5,41.333333333333336,69.78333333333333,0,0.6533333333333333,Pass,Medium
STU_133,2022_T1,SS1,28.75,25.0,92.63333333333334,0,0.64,Pass,Medium
STU_133,2022_T2,SS1,22.5,20.666666666666668,86.25,0,0.6333333333333333,Pass,Medium
STU_133,2022_T3,SS1,26.666666666666668,21.166666666666668,82.3,0,0.6333333333333333,Pass,Medium
STU_134,2022_T1,SS3,42.083333333333336,39.5,76.25,0,0.6660256410256411,Pass,Medium
STU_134,2022_T2,SS3,46.25,42.333333333333336,72.28333333333335,0,0.6333333333333333,Pass,Medium
STU_134,2022_T3,SS3,61.666666666666664,61.833333333333336,88.13333333333333,0,0.9418037400145243,Pass,Low
STU_135,2022_T1,SS3,54.583333333333336,54.666666666666664,68.18333333333334,0,0.7847058823529411,Pass,Low
STU_135,2022_T2,SS3,64.16666666666667,56.166666666666664,75.16666666666667,0,0.8470310611182823,Pass,Low
STU_135,2022_T3,SS3,52.916666666666664,49.833333333333336,75.83333333333333,0,0.8215131771253522,Pass,Low
STU_136,2022_T1,SS3,55.833333333333336,54.333333333333336,76.7,0,0.8600505050505051,Pass,Low
STU_136,2022_T2,SS3,52.5,50.666666666666664,81.85,0,0.8612043731863311,Pass,Low
STU_136,2022_T3,SS3,51.25,44.333333333333336,77.91666666666667,0,0.6599999999999999,Pass,Medium
STU_137,2022_T1,SS2,66.66666666666667,68.66666666666667,80.01666666666667,0,0.9980392156862745,Pass,Low
STU_137,2022_T2,SS2,56.666666666666664,56.5,82.7,0,0.9288870733478577,Pass,Low
STU_137,2022_T3,SS2,56.666666666666664,51.5,66.63333333333334,0,0.7419444444444445,Pass,Medium
STU_138,2022_T1,SS3,68.75,66.0,79.26666666666667,0,0.9372288676236045,Pass,Low
STU_138,2022_T2,SS3,77.5,71.16666666666667,92.35000000000001,0,0.9913725490196078,Pass,Low
STU_138,2022_T3,SS3,68.33333333333333,63.166666666666664,64.91666666666667,0,0.9797358058897767,Pass,Low
STU_139,2022_T1,SS3,48.75,48.0,69.76666666666667,0,0.7733333333333333,Pass,Low
STU_139,2022_T2,SS3,39.166666666666664,42.0,58.550000000000004,0,0.6333333333333333,Pass,Medium
STU_139,2022_T3,SS3,36.666666666666664,33.0,50.53333333333333,0,0.6233333333333333,Pass,Medium
STU_140,2022_T1,SS3,28.333333333333332,32.666666666666664,100.0,0,0.6233333333333333,Pass,Medium
STU_140,2022_T2,SS3,21.25,20.166666666666668,94.63333333333334,0,0.6233333333333333,Pass,Medium
STU_140,2022_T3,SS3,15.0,14.5,92.98333333333333,0,0.6266666666666667,Pass,Medium
STU_141,2022_T1,SS2,43.333333333333336,44.166666666666664,94.11666666666667,0,0.6580392156862744,Pass,Medium
STU_141,2022_T2,SS2,54.583333333333336,55.0,91.26666666666667,0,0.9424390351244711,Pass,Low
STU_141,2022_T3,SS2,60.833333333333336,62.333333333333336,94.73333333333333,0,0.9331455600116717,Pass,Low
STU_142,2022_T1,SS1,54.583333333333336,55.166666666666664,60.63333333333333,0,0.7372179630321578,Pass,Medium
STU_142,2022_T2,SS1,50.833333333333336,54.833333333333336,66.33333333333333,0,0.8034759617510231,Pass,Low
STU_142,2022_T3,SS1,62.5,67.5,60.98333333333333,0,0.9966666666666667,Pass,Low
STU_143,2022_T1,SS3,40.0,38.166666666666664,78.26666666666667,0,0.6333333333333333,Pass,Medium
STU_143,2022_T2,SS3,23.75,29.333333333333332,74.63333333333334,0,0.6333333333333333,Pass,Medium
STU_143,2022_T3,SS3,47.916666666666664,46.666666666666664,64.23333333333333,0,0.7464452214452215,Pass,Medium
STU_144,2022_T1,SS2,77.5,71.16666666666667,76.16666666666667,0,0.997534165181224,Pass,Low
STU_144,2022_T2,SS2,72.91666666666667,72.0,79.33333333333333,0,1.0,Pass,Low
STU_144,2022_T3,SS2,65.0,63.5,72.78333333333335,0,0.9488821968002327,Pass,Low
STU_145,2022_T1,SS3,71.66666666666667,66.66666666666667,96.75,0,0.9838286893704851,Pass,Low
STU_145,2022_T2,SS3,57.083333333333336,57.666666666666664,88.60000000000001,0,0.9827231718898386,Pass,Low
STU_145,2022_T3,SS3,54.166666666666664,49.333333333333336,81.1,0,0.7919444444444445,Pass,Low
STU_146,2022_T1,SS3,23.75,20.166666666666668,92.85000000000001,0,0.6366666666666667,Pass,Medium
STU_146,2022_T2,SS3,15.833333333333334,16.166666666666668,94.56666666666668,0,0.6366666666666667,Pass,Medium
STU_146,2022_T3,SS3,29.166666666666668,22.833333333333332,81.7,0,0.63,Pass,Medium
STU_147,2022_T1,SS3,22.916666666666668,27.333333333333332,75.2,0,0.63,Pass,Medium
STU_147,2022_T2,SS3,27.916666666666668,24.166666666666668,57.03333333333333,0,0.6166666666666667,Pass,Medium
STU_147,2022_T3,SS3,18.333333333333332,18.166666666666668,69.03333333333333,0,0.63,Pass,Medium
STU_148,2022_T1,SS1,75.41666666666667,69.16666666666667,88.26666666666667,0,0.99,Pass,Low
STU_148,2022_T2,SS1,73.75,66.83333333333333,85.86666666666666,0,0.997733918128655,Pass,Low
STU_148,2022_T3,SS1,75.83333333333333,73.66666666666667,93.86666666666667,0,1.0,Pass,Low
STU_149,2022_T1,SS2,58.333333333333336,51.5,92.55,0,0.7694753086419753,Pass,Low
STU_149,2022_T2,SS2,59.166666666666664,65.0,86.76666666666667,0,0.9947058823529412,Pass,Low
STU_149,2022_T3,SS2,65.41666666666667,66.0,78.41666666666667,0,0.993559806206865,Pass,Low
STU_150,2022_T1,SS3,94.58333333333333,88.83333333333333,97.93333333333334,0,1.0,Pass,Low
STU_150,2022_T2,SS3,95.41666666666667,86.5,97.64999999999999,0,1.0,Pass,Low
STU_150,2022_T3,SS3,90.83333333333333,86.5,98.26666666666667,0,1.0,Pass,Low
STU_151,2022_T1,SS3,59.583333333333336,57.333333333333336,90.25,0,0.9548414702581369,Pass,Low
STU_151,2022_T2,SS3,50.416666666666664,52.333333333333336,96.18333333333334,0,0.8854846581748205,Pass,Low
STU_151,2022_T3,SS3,42.5,38.666666666666664,84.43333333333332,0,0.6333333333333333,Pass,Medium
STU_152,2022_T1,SS3,68.75,59.833333333333336,59.19999999999999,0,0.6616161616161615,Pass,Medium
STU_152,2022_T2,SS3,63.75,60.833333333333336,68.01666666666667,0,0.9652614379084967,Pass,Low
STU_152,2022_T3,SS3,70.0,66.83333333333333,60.4,0,0.6352614379084967,Pass,Medium
STU_153,2022_T1,SS2,80.83333333333333,78.5,77.3,0,1.0,Pass,Low
STU_153,2022_T2,SS2,80.83333333333333,77.0,61.75,0,1.0,Pass,Low
STU_153,2022_T3,SS2,71.25,72.16666666666667,63.56666666666667,0,0.9988539238539239,Pass,Low
STU_154,2022_T1,SS3,43.75,43.666666666666664,77.48333333333333,0,0.6533333333333333,Pass,Medium
STU_154,2022_T2,SS3,64.16666666666667,60.0,69.44999999999999,0,0.984758064516129,Pass,Low
STU_154,2022_T3,SS3,67.5,63.333333333333336,74.0,0,0.9933454106280193,Pass,Low
STU_155,2022_T1,SS2,97.91666666666667,91.33333333333333,77.41666666666667,0,1.0,Pass,Low
STU_155,2022_T2,SS2,95.0,87.16666666666667,79.76666666666667,0,0.9986111111111111,Pass,Low
STU_155,2022_T3,SS2,87.5,84.0,75.95,0,1.0,Pass,Low
STU_156,2022_T1,SS3,37.5,40.5,77.66666666666667,0,0.6333333333333333,Pass,Medium
STU_156,2022_T2,SS3,44.583333333333336,40.833333333333336,70.21666666666668,0,0.6266666666666667,Pass,Medium
STU_156,2022_T3,SS3,51.25,47.333333333333336,60.18333333333334,0,0.74,Pass,Medium
STU_157,2022_T1,SS3,24.583333333333332,27.333333333333332,98.59999999999998,0,0.6333333333333333,Pass,Medium
STU_157,2022_T2,SS3,37.083333333333336,36.5,96.38333333333333,0,0.63,Pass,Medium
STU_157,2022_T3,SS3,38.333333333333336,33.166666666666664,88.78333333333335,0,0.63,Pass,Medium
STU_158,2022_T1,SS3,64.58333333333333,63.833333333333336,62.46666666666667,0,0.9903076803844068,Pass,Low
STU_158,2022_T2,SS3,83.75,78.16666666666667,72.63333333333333,0,1.0,Pass,Low
STU_158,2022_T3,SS3,83.75,82.66666666666667,56.099999999999994,0,0.7671237160113968,Pass,Low
STU_159,2022_T1,SS3,69.16666666666667,69.83333333333333,86.58333333333333,0,0.9966666666666667,Pass,Low
STU_159,2022_T2,SS3,65.41666666666667,60.833333333333336,87.83333333333333,0,0.987534165181224,Pass,Low
STU_159,2022_T3,SS3,53.333333333333336,53.0,89.3,0,0.9564789946328547,Pass,Low
STU_160,2022_T1,SS1,38.75,39.166666666666664,83.4,0,0.63,Pass,Medium
STU_160,2022_T2,SS1,49.583333333333336,45.166666666666664,85.83333333333333,0,0.64,Pass,Medium
STU_160,2022_T3,SS1,53.75,52.0,79.35000000000001,0,0.9293947403287054,Pass,Low
STU_161,2022_T1,SS1,67.91666666666667,69.5,71.8,0,0.98022030651341,Pass,Low
STU_161,2022_T2,SS1,76.25,69.83333333333333,74.08333333333333,0,0.9847058823529412,Pass,Low
STU_161,2022_T3,SS1,78.33333333333333,76.5,59.31666666666666,0,0.9306110168426345,Pass,Low
STU_162,2022_T1,SS2,19.166666666666668,18.333333333333332,72.58333333333333,0,0.6366666666666667,Pass,Medium
STU_162,2022_T2,SS2,16.25,15.666666666666666,78.91666666666667,0,0.63,Pass,Medium
STU_162,2022_T3,SS2,12.083333333333334,12.333333333333334,76.53333333333332,0,0.64,Pass,Medium
STU_163,2022_T1,SS3,29.583333333333332,33.0,81.56666666666666,0,0.6291228070175439,Pass,Medium
STU_163,2022_T2,SS3,36.666666666666664,37.166666666666664,74.10000000000001,0,0.63,Pass,Medium
STU_163,2022_T3,SS3,29.583333333333332,32.0,82.73333333333333,0,0.6333333333333333,Pass,Medium
STU_164,2022_T1,SS2,26.25,23.166666666666668,89.0,0,0.6333333333333333,Pass,Medium
STU_164,2022_T2,SS2,26.25,27.0,86.31666666666666,0,0.63,Pass,Medium
STU_164,2022_T3,SS2,31.666666666666668,27.833333333333332,84.75,0,0.6333333333333333,Pass,Medium
STU_165,2022_T1,SS1,12.5,13.666666666666666,76.0,0,0.6366666666666667,Pass,Medium
STU_165,2022_T2,SS1,17.083333333333332,19.333333333333332,81.45,0,0.6266666666666667,Pass,Medium
STU_165,2022_T3,SS1,12.5,7.833333333333333,79.51666666666667,0,0.6457894736842105,Pass,Medium
STU_166,2022_T1,SS1,92.91666666666667,90.66666666666667,74.91666666666667,0,1.0,Pass,Low
STU_166,2022_T2,SS1,95.0,89.16666666666667,74.55,0,1.0,Pass,Low
STU_166,2022_T3,SS1,90.41666666666667,84.83333333333333,72.53333333333333,0,1.0,Pass,Low
STU_167,2022_T1,SS1,83.33333333333333,75.66666666666667,62.9,0,0.8146522381840563,Pass,Low
STU_167,2022_T2,SS1,64.58333333333333,61.833333333333336,56.150000000000006,0,0.5852777777777778,Pass,Medium
STU_167,2022_T3,SS1,72.5,64.83333333333333,55.083333333333336,0,0.5794753086419753,Pass,Medium
STU_168,2022_T1,SS3,32.916666666666664,35.0,93.33333333333333,0,0.6233333333333333,Pass,Medium
STU_168,2022_T2,SS3,29.166666666666668,31.666666666666668,89.11666666666667,0,0.6366666666666667,Pass,Medium
STU_168,2022_T3,SS3,25.0,25.333333333333332,86.96666666666668,0,0.63,Pass,Medium
STU_169,2022_T1,SS3,56.25,52.0,63.06666666666666,0,0.7881944444444444,Pass,Low
STU_169,2022_T2,SS3,48.333333333333336,49.833333333333336,69.51666666666667,0,0.8014405405277616,Pass,Low
STU_169,2022_T3,SS3,52.083333333333336,51.833333333333336,55.35,0,0.7346367521367521,Pass,Medium
STU_170,2022_T1,SS2,67.5,64.16666666666667,83.73333333333335,0,0.9959779978431836,Pass,Low
STU_170,2022_T2,SS2,54.166666666666664,52.166666666666664,64.91666666666667,0,0.7648611111111111,Pass,Low
STU_170,2022_T3,SS2,68.75,59.166666666666664,82.28333333333333,0,0.9864176799629081,Pass,Low
STU_171,2022_T1,SS2,7.916666666666667,8.0,60.79999999999999,0,0.63,Pass,Medium
STU_171,2022_T2,SS2,8.333333333333334,7.5,70.65,0,0.6266666666666667,Pass,Medium
STU_171,2022_T3,SS2,5.0,7.0,58.26666666666666,0,0.6233333333333333,Pass,Medium
STU_172,2022_T1,SS2,89.16666666666667,83.66666666666667,82.61666666666666,0,1.0,Pass,Low
STU_172,2022_T2,SS2,91.66666666666667,86.0,87.03333333333335,0,1.0,Pass,Low
STU_172,2022_T3,SS2,80.41666666666667,79.33333333333333,86.85000000000001,0,0.9986111111111111,Pass,Low
STU_173,2022_T1,SS2,37.5,35.666666666666664,80.48333333333333,0,0.6380392156862744,Pass,Medium
STU_173,2022_T2,SS2,28.333333333333332,25.833333333333332,72.43333333333334,0,0.6366666666666667,Pass,Medium
STU_173,2022_T3,SS2,22.916666666666668,21.833333333333332,63.31666666666666,0,0.64,Pass,Medium
STU_174,2022_T1,SS2,52.083333333333336,52.333333333333336,84.94999999999999,0,0.9372074862561939,Pass,Low
STU_174,2022_T2,SS2,68.75,63.5,90.39999999999999,0,0.9668322055549765,Pass,Low
STU_174,2022_T3,SS2,62.5,57.333333333333336,73.08333333333333,0,0.8149824855946607,Pass,Low
STU_175,2022_T1,SS2,30.833333333333332,28.333333333333332,79.81666666666668,0,0.6333333333333333,Pass,Medium
STU_175,2022_T2,SS2,25.0,26.5,80.75,0,0.6357894736842105,Pass,Medium
STU_175,2022_T3,SS2,37.5,33.5,72.71666666666667,0,0.6333333333333333,Pass,Medium
STU_176,2022_T1,SS3,74.58333333333333,77.16666666666667,97.95,0,0.9966666666666667,Pass,Low
STU_176,2022_T2,SS3,73.33333333333333,72.33333333333333,90.03333333333335,0,1.0,Pass,Low
STU_176,2022_T3,SS3,76.25,72.5,90.74999999999999,0,0.9986111111111111,Pass,Low
STU_177,2022_T1,SS3,73.75,73.5,87.64999999999999,0,1.0,Pass,Low
STU_177,2022_T2,SS3,67.08333333333333,72.33333333333333,83.35000000000001,0,0.9991228070175439,Pass,Low
STU_177,2022_T3,SS3,64.58333333333333,63.666666666666664,84.56666666666666,0,0.9738091402585852,Pass,Low
STU_178,2022_T1,SS3,46.25,40.333333333333336,77.78333333333335,0,0.6333333333333333,Pass,Medium
STU_178,2022_T2,SS3,46.666666666666664,46.333333333333336,73.3,0,0.7420512820512821,Pass,Medium
STU_178,2022_T3,SS3,47.916666666666664,38.833333333333336,66.33333333333333,0,0.6310606060606061,Pass,Medium
STU_179,2022_T1,SS1,78.75,80.33333333333333,75.3,0,1.0,Pass,Low
STU_179,2022_T2,SS1,77.5,78.83333333333333,77.96666666666667,0,1.0,Pass,Low
STU_179,2022_T3,SS1,85.41666666666667,80.83333333333333,77.0,0,1.0,Pass,Low
STU_180,2022_T1,SS2,49.166666666666664,46.5,74.61666666666667,0,0.795565335753176,Pass,Low
STU_180,2022_T2,SS2,45.833333333333336,47.333333333333336,78.25,0,0.766025641025641,Pass,Low
STU_180,2022_T3,SS2,37.916666666666664,38.666666666666664,69.28333333333335,0,0.6333333333333333,Pass,Medium
STU_181,2022_T1,SS2,80.41666666666667,77.66666666666667,99.11666666666667,0,0.9930050505050505,Pass,Low
STU_181,2022_T2,SS2,87.5,80.16666666666667,98.26666666666667,0,1.0,Pass,Low
STU_181,2022_T3,SS2,85.0,81.16666666666667,90.63333333333333,0,0.9966666666666667,Pass,Low
STU_182,2022_T1,SS1,49.166666666666664,45.333333333333336,98.45,0,0.6947058823529412,Pass,Medium
STU_182,2022_T2,SS1,48.333333333333336,46.0,95.61666666666667,0,0.7373818501759677,Pass,Medium
STU_182,2022_T3,SS1,61.666666666666664,50.666666666666664,91.58333333333333,0,0.8495490328385065,Pass,Low
STU_183,2022_T1,SS1,36.25,41.833333333333336,90.86666666666666,0,0.6533333333333333,Pass,Medium
STU_183,2022_T2,SS1,45.833333333333336,39.333333333333336,91.18333333333334,0,0.6286177565124933,Pass,Medium
STU_183,2022_T3,SS1,50.0,45.0,82.21666666666667,0,0.63625,Pass,Medium
STU_184,2022_T1,SS2,62.5,59.5,68.78333333333333,0,0.9929036712150747,Pass,Low
STU_184,2022_T2,SS2,54.583333333333336,58.333333333333336,70.86666666666666,0,0.8638286893704851,Pass,Low
STU_184,2022_T3,SS2,56.666666666666664,58.333333333333336,64.2,0,0.9209621405235441,Pass,Low
STU_185,2022_T1,SS1,52.5,50.666666666666664,87.10000000000001,0,0.9691093809011766,Pass,Low
STU_185,2022_T2,SS1,57.083333333333336,57.166666666666664,85.78333333333335,0,0.9855042506513094,Pass,Low
STU_185,2022_T3,SS1,66.25,63.5,78.19999999999999,0,0.9911898948972347,Pass,Low
STU_186,2022_T1,SS1,62.5,58.833333333333336,69.55,0,0.9815217391304348,Pass,Low
STU_186,2022_T2,SS1,67.08333333333333,60.0,77.28333333333335,0,0.9738725490196078,Pass,Low
STU_186,2022_T3,SS1,75.41666666666667,72.16666666666667,72.36666666666667,0,0.9966666666666667,Pass,Low
STU_187,2022_T1,SS2,81.66666666666667,74.83333333333333,78.89999999999999,0,1.0,Pass,Low
STU_187,2022_T2,SS2,81.66666666666667,68.66666666666667,76.66666666666666,0,0.9972222222222222,Pass,Low
STU_187,2022_T3,SS2,78.75,80.66666666666667,80.11666666666666,0,1.0,Pass,Low
STU_188,2022_T1,SS3,35.416666666666664,32.333333333333336,61.53333333333333,0,0.6366666666666667,Pass,Medium
STU_188,2022_T2,SS3,45.0,38.5,54.21666666666667,0,0.61,Pass,Medium
STU_188,2022_T3,SS3,18.333333333333332,26.0,63.68333333333334,0,0.64,Pass,Medium
STU_189,2022_T1,SS1,38.333333333333336,39.166666666666664,80.01666666666667,0,0.6466503267973857,Pass,Medium
STU_189,2022_T2,SS1,39.166666666666664,37.5,81.38333333333333,0,0.64,Pass,Medium
STU_189,2022_T3,SS1,44.166666666666664,42.333333333333336,74.31666666666666,0,0.6724561403508771,Pass,Medium
STU_190,2022_T1,SS1,42.916666666666664,47.5,76.26666666666667,0,0.8193459789073825,Pass,Low
STU_190,2022_T2,SS1,37.5,42.666666666666664,70.95,0,0.6599999999999999,Pass,Medium
STU_190,2022_T3,SS1,30.833333333333332,28.833333333333332,75.39999999999999,0,0.64,Pass,Medium
STU_191,2022_T1,SS1,42.5,42.166666666666664,76.33333333333333,0,0.6233333333333333,Pass,Medium
STU_191,2022_T2,SS1,43.333333333333336,46.666666666666664,80.26666666666667,0,0.7570765526183483,Pass,Low
STU_191,2022_T3,SS1,57.916666666666664,55.0,75.23333333333333,0,0.9512636778566415,Pass,Low
STU_192,2022_T1,SS1,73.75,66.33333333333333,84.66666666666666,0,0.9919444444444444,Pass,Low
STU_192,2022_T2,SS1,82.91666666666667,74.83333333333333,76.35,0,1.0,Pass,Low
STU_192,2022_T3,SS1,75.41666666666667,76.0,85.33333333333333,0,0.9966666666666667,Pass,Low
STU_193,2022_T1,SS1,40.833333333333336,34.833333333333336,83.75,0,0.6366666666666667,Pass,Medium
STU_193,2022_T2,SS1,44.583333333333336,36.166666666666664,96.96666666666665,0,0.6166666666666667,Pass,Medium
STU_193,2022_T3,SS1,54.583333333333336,45.666666666666664,73.86666666666666,0,0.6933333333333334,Pass,Medium
STU_194,2022_T1,SS3,72.91666666666667,64.66666666666667,78.3,0,0.9858399787347156,Pass,Low
STU_194,2022_T2,SS3,69.58333333333333,68.16666666666667,95.08333333333333,0,0.8552777777777778,Pass,Low
STU_194,2022_T3,SS3,70.0,61.333333333333336,81.71666666666665,0,0.9813725490196078,Pass,Low
STU_195,2022_T1,SS1,34.583333333333336,31.166666666666668,66.11666666666666,0,0.6366666666666667,Pass,Medium
STU_195,2022_T2,SS1,25.416666666666668,24.833333333333332,76.71666666666667,0,0.6366666666666667,Pass,Medium
STU_195,2022_T3,SS1,37.5,27.666666666666668,68.81666666666666,0,0.64,Pass,Medium
STU_196,2022_T1,SS1,75.83333333333333,71.33333333333333,74.73333333333333,0,0.9966666666666667,Pass,Low
STU_196,2022_T2,SS1,82.5,78.5,77.45,0,0.9991228070175439,Pass,Low
STU_196,2022_T3,SS1,96.25,90.83333333333333,63.21666666666667,0,1.0,Pass,Low
STU_197,2022_T1,SS3,77.5,73.0,97.40000000000002,0,1.0,Pass,Low
STU_197,2022_T2,SS3,80.83333333333333,82.33333333333333,86.25,0,1.0,Pass,Low
STU_197,2022_T3,SS3,84.16666666666667,74.66666666666667,80.41666666666667,0,0.9972222222222222,Pass,Low
STU_198,2022_T1,SS3,43.333333333333336,44.333333333333336,92.64999999999999,0,0.6599999999999999,Pass,Medium
STU_198,2022_T2,SS3,42.083333333333336,42.333333333333336,86.16666666666667,0,0.63,Pass,Medium
STU_198,2022_T3,SS3,33.333333333333336,32.166666666666664,89.40000000000002,0,0.6266666666666667,Pass,Medium
STU_199,2022_T1,SS2,22.083333333333332,19.5,74.61666666666666,0,0.64,Pass,Medium
STU_199,2022_T2,SS2,13.75,14.5,69.73333333333333,0,0.6366666666666667,Pass,Medium
STU_199,2022_T3,SS2,15.0,13.333333333333334,69.55,0,0.64,Pass,Medium
STU_200,2022_T1,SS2,46.666666666666664,47.5,83.81666666666666,0,0.7953846153846154,Pass,Low
STU_200,2022_T2,SS2,46.666666666666664,46.666666666666664,90.88333333333333,0,0.800444904957658,Pass,Low
STU_200,2022_T3,SS2,49.583333333333336,49.833333333333336,93.61666666666667,0,0.8158222843238501,Pass,Low
STU_201,2022_T1,SS3,47.083333333333336,50.166666666666664,81.33333333333333,0,0.8930361485779442,Pass,Low
STU_201,2022_T2,SS3,40.416666666666664,39.166666666666664,70.96666666666667,0,0.6366666666666667,Pass,Medium
STU_201,2022_T3,SS3,49.583333333333336,45.166666666666664,64.2,0,0.6719444444444445,Pass,Medium
STU_202,2022_T1,SS2,72.5,72.83333333333333,64.61666666666666,0,1.0,Pass,Low
STU_202,2022_T2,SS2,77.08333333333333,74.33333333333333,66.78333333333333,0,1.0,Pass,Low
STU_202,2022_T3,SS2,75.83333333333333,73.83333333333333,63.16666666666668,0,0.9986111111111111,Pass,Low
STU_203,2022_T1,SS3,52.5,47.833333333333336,81.43333333333332,0,0.7744005847953217,Pass,Low
STU_203,2022_T2,SS3,62.083333333333336,56.0,86.76666666666667,0,0.8571422465372414,Pass,Low
STU_203,2022_T3,SS3,65.41666666666667,63.333333333333336,71.03333333333332,0,0.9931082832567456,Pass,Low
STU_204,2022_T1,SS3,34.166666666666664,29.833333333333332,63.04999999999999,0,0.6433333333333333,Pass,Medium
STU_204,2022_T2,SS3,28.75,28.166666666666668,56.11666666666667,0,0.62,Pass,Medium
STU_204,2022_T3,SS3,27.083333333333332,26.5,47.21666666666666,0,0.6266666666666667,Pass,Medium
STU_205,2022_T1,SS3,37.5,38.833333333333336,78.38333333333333,0,0.6333333333333333,Pass,Medium
STU_205,2022_T2,SS3,32.916666666666664,34.333333333333336,68.45,0,0.6333333333333333,Pass,Medium
STU_205,2022_T3,SS3,26.25,23.5,64.8,0,0.6366666666666667,Pass,Medium
STU_206,2022_T1,SS2,60.416666666666664,58.666666666666664,79.98333333333333,0,0.9839839181286549,Pass,Low
STU_206,2022_T2,SS2,65.41666666666667,59.333333333333336,85.53333333333335,0,0.9952777777777778,Pass,Low
STU_206,2022_T3,SS2,70.83333333333333,65.16666666666667,82.38333333333334,0,0.9529723707664884,Pass,Low
STU_207,2022_T1,SS1,66.66666666666667,64.66666666666667,83.60000000000001,0,0.9506915964855315,Pass,Low
STU_207,2022_T2,SS1,75.41666666666667,69.66666666666667,75.95,0,0.9913725490196078,Pass,Low
STU_207,2022_T3,SS1,67.5,65.0,74.05,0,0.9796623138632853,Pass,Low
STU_208,2022_T1,SS2,53.333333333333336,46.333333333333336,41.583333333333336,0,0.7463131990010392,Pass,Medium
STU_208,2022_T2,SS2,43.75,43.5,49.25,0,0.6216091954022989,Pass,Medium
STU_208,2022_T3,SS2,43.75,44.5,51.150000000000006,0,0.6416091954022989,Pass,Medium
STU_209,2022_T1,SS2,68.75,66.0,84.86666666666667,0,0.9824561403508771,Pass,Low
STU_209,2022_T2,SS2,71.25,70.83333333333333,88.98333333333333,0,0.9924561403508771,Pass,Low
STU_209,2022_T3,SS2,68.75,64.66666666666667,79.13333333333334,0,0.9852501195695876,Pass,Low
STU_210,2022_T1,SS3,39.166666666666664,35.833333333333336,86.19999999999999,0,0.6233333333333333,Pass,Medium
STU_210,2022_T2,SS3,35.833333333333336,36.666666666666664,73.64999999999999,0,0.64,Pass,Medium
STU_210,2022_T3,SS3,43.75,43.333333333333336,81.83333333333333,0,0.6495833333333334,Pass,Medium
STU_211,2022_T1,SS1,45.833333333333336,41.833333333333336,70.6,0,0.65,Pass,Medium
STU_211,2022_T2,SS1,50.833333333333336,47.0,70.28333333333335,0,0.76,Pass,Low
STU_211,2022_T3,SS1,54.166666666666664,49.833333333333336,65.83333333333333,0,0.75,Pass,Low
STU_212,2022_T1,SS2,60.0,51.0,87.23333333333333,0,0.943759559154296,Pass,Low
STU_212,2022_T2,SS2,41.666666666666664,35.833333333333336,96.71666666666665,0,0.6266666666666667,Pass,Medium
STU_212,2022_T3,SS2,52.083333333333336,44.833333333333336,92.51666666666665,0,0.6777272727272727,Pass,Medium
STU_213,2022_T1,SS2,42.916666666666664,40.666666666666664,61.78333333333334,0,0.62,Pass,Medium
STU_213,2022_T2,SS2,30.0,29.833333333333332,54.400000000000006,0,0.6166666666666667,Pass,Medium
STU_213,2022_T3,SS2,28.333333333333332,28.666666666666668,61.68333333333334,0,0.63,Pass,Medium
STU_214,2022_T1,SS3,19.583333333333332,21.5,84.45,0,0.63,Pass,Medium
STU_214,2022_T2,SS3,12.083333333333334,13.166666666666666,85.98333333333335,0,0.6266666666666667,Pass,Medium
STU_214,2022_T3,SS3,12.916666666666666,10.5,75.73333333333333,0,0.6333333333333333,Pass,Medium
STU_215,2022_T1,SS2,62.5,65.0,92.45,0,0.9696484110885734,Pass,Low
STU_215,2022_T2,SS2,56.25,55.333333333333336,84.76666666666667,0,0.8548611111111111,Pass,Low
STU_215,2022_T3,SS2,62.916666666666664,62.833333333333336,78.36666666666666,0,0.9864914376742334,Pass,Low
STU_216,2022_T1,SS1,53.333333333333336,53.0,94.46666666666665,0,0.9001607231586591,Pass,Low
STU_216,2022_T2,SS1,63.75,58.833333333333336,89.43333333333334,0,0.9750753789771781,Pass,Low
STU_216,2022_T3,SS1,68.75,66.16666666666667,79.73333333333333,0,0.9763273764060784,Pass,Low
STU_217,2022_T1,SS2,50.416666666666664,49.5,97.55,0,0.8429732480254302,Pass,Low
STU_217,2022_T2,SS2,44.166666666666664,48.333333333333336,89.25,0,0.8591265262187248,Pass,Low
STU_217,2022_T3,SS2,52.083333333333336,51.333333333333336,91.36666666666667,0,0.8478059620977577,Pass,Low
STU_218,2022_T1,SS1,70.83333333333333,65.33333333333333,91.26666666666665,0,0.9691064671482628,Pass,Low
STU_218,2022_T2,SS1,79.58333333333333,74.66666666666667,92.76666666666667,0,0.8845718717008885,Pass,Low
STU_218,2022_T3,SS1,90.83333333333333,88.33333333333333,91.26666666666667,0,1.0,Pass,Low
STU_219,2022_T1,SS1,95.0,87.66666666666667,75.95,0,1.0,Pass,Low
STU_219,2022_T2,SS1,89.58333333333333,81.66666666666667,73.85,0,1.0,Pass,Low
STU_219,2022_T3,SS1,86.25,81.83333333333333,77.05,0,0.9986111111111111,Pass,Low
STU_220,2022_T1,SS3,94.16666666666667,89.66666666666667,80.13333333333334,0,1.0,Pass,Low
STU_220,2022_T2,SS3,95.41666666666667,92.0,74.31666666666666,0,0.9966666666666667,Pass,Low
STU_220,2022_T3,SS3,100.0,95.33333333333333,74.95,0,1.0,Pass,Low
STU_221,2022_T1,SS2,81.66666666666667,76.66666666666667,96.76666666666667,0,1.0,Pass,Low
STU_221,2022_T2,SS2,85.83333333333333,85.0,97.05,0,1.0,Pass,Low
STU_221,2022_T3,SS2,65.41666666666667,62.166666666666664,84.53333333333335,0,0.9857862074808319,Pass,Low
STU_222,2022_T1,SS2,57.5,57.333333333333336,65.41666666666667,0,0.9404262258209627,Pass,Low
STU_222,2022_T2,SS2,53.75,48.0,68.53333333333333,0,0.7686111111111111,Pass,Low
STU_222,2022_T3,SS2,63.75,60.166666666666664,65.68333333333334,0,0.9897846057478084,Pass,Low
STU_223,2022_T1,SS1,94.58333333333333,93.16666666666667,89.68333333333334,0,1.0,Pass,Low
STU_223,2022_T2,SS1,97.5,93.83333333333333,81.35000000000001,0,1.0,Pass,Low
STU_223,2022_T3,SS1,95.41666666666667,91.16666666666667,88.31666666666666,0,1.0,Pass,Low
STU_224,2022_T1,SS2,72.91666666666667,63.5,84.36666666666667,0,0.9878102321508738,Pass,Low
STU_224,2022_T2,SS2,75.83333333333333,72.0,90.30000000000001,0,1.0,Pass,Low
STU_224,2022_T3,SS2,73.75,71.33333333333333,75.60000000000001,0,0.9986111111111111,Pass,Low
STU_225,2022_T1,SS1,77.5,79.33333333333333,73.95,0,0.9994949494949495,Pass,Low
STU_225,2022_T2,SS1,69.58333333333333,74.5,71.66666666666667,0,1.0,Pass,Low
STU_225,2022_T3,SS1,76.66666666666667,75.66666666666667,68.83333333333333,0,0.9980392156862745,Pass,Low
STU_226,2022_T1,SS3,13.75,20.0,95.93333333333334,0,0.6233333333333333,Pass,Medium
STU_226,2022_T2,SS3,32.5,33.333333333333336,95.95,0,0.6255750579801813,Pass,Medium
STU_226,2022_T3,SS3,33.333333333333336,34.666666666666664,75.55,0,0.6266520039100685,Pass,Medium
STU_227,2022_T1,SS2,64.58333333333333,64.66666666666667,70.5,0,0.9104563262483799,Pass,Low
STU_227,2022_T2,SS2,48.75,45.333333333333336,72.33333333333333,0,0.6599999999999999,Pass,Medium
STU_227,2022_T3,SS2,58.333333333333336,53.666666666666664,74.39999999999999,0,0.9269493226812806,Pass,Low
STU_228,2022_T1,SS2,39.166666666666664,46.166666666666664,70.23333333333333,0,0.7996310064204801,Pass,Low
STU_228,2022_T2,SS2,32.5,35.333333333333336,61.48333333333333,0,0.64,Pass,Medium
STU_228,2022_T3,SS2,35.0,33.166666666666664,53.88333333333333,0,0.6233333333333333,Pass,Medium
STU_229,2022_T1,SS3,41.666666666666664,39.666666666666664,96.91666666666667,0,0.62,Pass,Medium
STU_229,2022_T2,SS3,44.166666666666664,41.666666666666664,88.44999999999999,0,0.6166666666666667,Pass,Medium
STU_229,2022_T3,SS3,35.0,34.666666666666664,91.25,0,0.63,Pass,Medium
STU_230,2022_T1,SS3,72.91666666666667,68.83333333333333,58.28333333333333,0,0.6693843042894276,Pass,Medium
STU_230,2022_T2,SS3,74.16666666666667,72.0,55.29999999999999,0,0.7903816839969657,Pass,Low
STU_230,2022_T3,SS3,67.08333333333333,64.0,46.21666666666666,0,0.6059246309246309,Pass,Medium
STU_231,2022_T1,SS2,36.25,34.0,63.68333333333334,0,0.64,Pass,Medium
STU_231,2022_T2,SS2,34.583333333333336,32.5,61.083333333333336,0,0.6333333333333333,Pass,Medium
STU_231,2022_T3,SS2,19.583333333333332,22.166666666666668,46.43333333333333,0,0.6266666666666667,Pass,Medium
STU_232,2022_T1,SS1,38.75,44.666666666666664,83.56666666666666,0,0.6699999999999999,Pass,Medium
STU_232,2022_T2,SS1,36.25,37.5,90.16666666666667,0,0.62,Pass,Medium
STU_232,2022_T3,SS1,35.833333333333336,38.5,77.44999999999999,0,0.6433333333333333,Pass,Medium
STU_233,2022_T1,SS2,30.416666666666668,28.666666666666668,85.21666666666665,0,0.6333333333333333,Pass,Medium
STU_233,2022_T2,SS2,25.416666666666668,21.333333333333332,79.88333333333333,0,0.6333333333333333,Pass,Medium
STU_233,2022_T3,SS2,25.0,24.833333333333332,77.28333333333333,0,0.6366666666666667,Pass,Medium
STU_234,2022_T1,SS1,23.75,18.833333333333332,60.31666666666666,0,0.6166666666666667,Pass,Medium
STU_234,2022_T2,SS1,17.916666666666668,22.666666666666668,71.65,0,0.6233333333333333,Pass,Medium
STU_234,2022_T3,SS1,20.833333333333332,20.166666666666668,57.03333333333333,0,0.6133333333333333,Pass,Medium
STU_235,2022_T1,SS1,32.5,35.166666666666664,78.4,0,0.6466666666666667,Pass,Medium
STU_235,2022_T2,SS1,30.833333333333332,29.833333333333332,81.33333333333333,0,0.6519444444444444,Pass,Medium
STU_235,2022_T3,SS1,14.166666666666666,12.5,74.56666666666668,0,0.6466666666666667,Pass,Medium
STU_236,2022_T1,SS1,56.666666666666664,55.166666666666664,83.61666666666666,0,0.9237792178721815,Pass,Low
STU_236,2022_T2,SS1,52.916666666666664,55.833333333333336,90.86666666666667,0,0.9455799808302389,Pass,Low
STU_236,2022_T3,SS1,65.41666666666667,58.333333333333336,81.96666666666665,0,0.96657814751468,Pass,Low
STU_237,2022_T1,SS1,59.166666666666664,58.833333333333336,79.43333333333334,0,0.9763025475341652,Pass,Low
STU_237,2022_T2,SS1,64.16666666666667,59.833333333333336,87.01666666666667,0,0.996086753886614,Pass,Low
STU_237,2022_T3,SS1,69.58333333333333,66.83333333333333,78.18333333333332,0,0.9933333333333333,Pass,Low
STU_238,2022_T1,SS3,55.416666666666664,49.666666666666664,79.48333333333335,0,0.83,Pass,Low
STU_238,2022_T2,SS3,47.083333333333336,43.166666666666664,76.58333333333333,0,0.6633333333333333,Pass,Medium
STU_238,2022_T3,SS3,61.25,58.0,70.0,0,0.8486493336266476,Pass,Low
STU_239,2022_T1,SS1,83.33333333333333,77.33333333333333,88.88333333333333,0,1.0,Pass,Low
STU_239,2022_T2,SS1,80.83333333333333,79.83333333333333,93.36666666666667,0,1.0,Pass,Low
STU_239,2022_T3,SS1,72.91666666666667,72.66666666666667,83.95,0,0.9986111111111111,Pass,Low
STU_240,2022_T1,SS3,62.083333333333336,59.333333333333336,74.93333333333334,0,0.9917290501922528,Pass,Low
STU_240,2022_T2,SS3,66.66666666666667,67.83333333333333,86.41666666666667,0,0.9971620227038184,Pass,Low
STU_240,2022_T3,SS3,77.5,80.33333333333333,80.35000000000001,0,0.9924398004815962,Pass,Low
STU_241,2022_T1,SS2,20.833333333333332,13.5,79.14999999999999,0,0.6366666666666667,Pass,Medium
STU_241,2022_T2,SS2,11.25,15.0,89.36666666666667,0,0.6233333333333333,Pass,Medium
STU_241,2022_T3,SS2,15.416666666666666,16.833333333333332,68.23333333333333,0,0.6333333333333333,Pass,Medium
STU_242,2022_T1,SS1,88.33333333333333,88.5,67.08333333333333,0,1.0,Pass,Low
STU_242,2022_T2,SS1,90.83333333333333,88.33333333333333,70.55,0,1.0,Pass,Low
STU_242,2022_T3,SS1,88.33333333333333,84.5,64.2,0,1.0,Pass,Low
STU_243,2022_T1,SS2,51.666666666666664,52.833333333333336,73.75,0,0.8661469534050179,Pass,Low
STU_243,2022_T2,SS2,57.916666666666664,56.5,80.50000000000001,0,0.9382501485442661,Pass,Low
STU_243,2022_T3,SS2,62.083333333333336,58.666666666666664,86.89999999999999,0,0.891201014416539,Pass,Low
STU_244,2022_T1,SS2,35.416666666666664,39.833333333333336,63.23333333333334,0,0.6433333333333333,Pass,Medium
STU_244,2022_T2,SS2,47.916666666666664,50.5,65.78333333333335,0,0.7946678502096458,Pass,Low
STU_244,2022_T3,SS2,38.333333333333336,38.666666666666664,55.583333333333336,0,0.6066666666666667,Pass,Medium
STU_245,2022_T1,SS3,49.583333333333336,48.5,87.08333333333333,0,0.7957664884135472,Pass,Low
STU_245,2022_T2,SS3,43.333333333333336,40.666666666666664,93.19999999999999,0,0.6180392156862745,Pass,Medium
STU_245,2022_T3,SS3,47.083333333333336,47.5,79.56666666666668,0,0.782051282051282,Pass,Low
STU_246,2022_T1,SS1,33.75,30.0,79.86666666666666,0,0.6347058823529412,Pass,Medium
STU_246,2022_T2,SS1,40.416666666666664,29.5,74.91666666666667,0,0.6366666666666667,Pass,Medium
STU_246,2022_T3,SS1,17.083333333333332,17.666666666666668,76.75,0,0.6433333333333333,Pass,Medium
STU_247,2022_T1,SS3,49.583333333333336,48.333333333333336,76.11666666666667,0,0.7752777777777777,Pass,Low
STU_247,2022_T2,SS3,40.0,38.666666666666664,71.38333333333334,0,0.6333333333333333,Pass,Medium
STU_247,2022_T3,SS3,38.333333333333336,31.0,64.76666666666667,0,0.64,Pass,Medium
STU_248,2022_T1,SS3,54.583333333333336,49.666666666666664,88.86666666666667,0,0.8175534188034188,Pass,Low
STU_248,2022_T2,SS3,56.666666666666664,53.5,84.85,0,0.8442002155457051,Pass,Low
STU_248,2022_T3,SS3,64.58333333333333,60.666666666666664,87.88333333333334,0,0.9308334468221615,Pass,Low
STU_249,2022_T1,SS3,73.75,73.16666666666667,87.51666666666665,0,0.9966666666666667,Pass,Low
STU_249,2022_T2,SS3,75.0,73.33333333333333,80.95,0,0.9933333333333333,Pass,Low
STU_249,2022_T3,SS3,88.75,84.0,79.96666666666665,0,1.0,Pass,Low
STU_250,2022_T1,SS3,15.0,15.5,97.95,0,0.6333333333333333,Pass,Medium
STU_250,2022_T2,SS3,10.0,9.166666666666666,92.53333333333332,0,0.6313725490196078,Pass,Medium
STU_250,2022_T3,SS3,7.916666666666667,8.166666666666666,86.2,0,0.6333333333333333,Pass,Medium
